"Date","Price","Open","High","Low","Change %"
"Jun 28, 1985","1.3095","1.3095","1.3095","1.3095","1.35%"
"Jun 27, 1985","1.2920","1.2920","1.2920","1.2920","-0.46%"
"Jun 26, 1985","1.2980","1.2980","1.2980","1.2980","1.01%"
"Jun 25, 1985","1.2850","1.2850","1.2850","1.2850","-0.16%"
"Jun 24, 1985","1.2870","1.2870","1.2870","1.2870","0.00%"
"Jun 21, 1985","1.2870","1.2870","1.2870","1.2870","0.79%"
"Jun 20, 1985","1.2769","1.2769","1.2769","1.2769","-2.27%"
"Jun 19, 1985","1.3065","1.3065","1.3065","1.3065","0.58%"
"Jun 18, 1985","1.2990","1.2990","1.2990","1.2990","1.56%"
"Jun 17, 1985","1.2790","1.2790","1.2790","1.2790","-0.08%"
"Jun 14, 1985","1.2800","1.2800","1.2800","1.2800","1.19%"
"Jun 13, 1985","1.2650","1.2650","1.2650","1.2650","-0.12%"
"Jun 12, 1985","1.2665","1.2665","1.2665","1.2665","0.33%"
"Jun 11, 1985","1.2623","1.2623","1.2623","1.2623","0.42%"
"Jun 10, 1985","1.2570","1.2570","1.2570","1.2570","-0.87%"
"Jun 07, 1985","1.2680","1.2680","1.2680","1.2680","-0.24%"
"Jun 06, 1985","1.2710","1.2710","1.2710","1.2710","1.15%"
"Jun 05, 1985","1.2565","1.2565","1.2565","1.2565","-1.53%"
"Jun 04, 1985","1.2760","1.2760","1.2760","1.2760","-1.43%"
"Jun 03, 1985","1.2945","1.2945","1.2945","1.2945","0.66%"
"May 31, 1985","1.2860","1.2860","1.2860","1.2860","0.98%"
"May 30, 1985","1.2735","1.2735","1.2735","1.2735","0.55%"
"May 29, 1985","1.2665","1.2665","1.2665","1.2665","1.20%"
"May 28, 1985","1.2515","1.2515","1.2515","1.2515","-0.56%"
"May 24, 1985","1.2585","1.2585","1.2585","1.2585","-0.04%"
"May 23, 1985","1.2590","1.2590","1.2590","1.2590","-0.36%"
"May 22, 1985","1.2635","1.2635","1.2635","1.2635","-0.63%"
"May 21, 1985","1.2715","1.2715","1.2715","1.2715","-0.86%"
"May 20, 1985","1.2825","1.2825","1.2825","1.2825","1.38%"
"May 17, 1985","1.2650","1.2650","1.2650","1.2650","0.48%"
"May 16, 1985","1.2590","1.2590","1.2590","1.2590","-0.28%"
"May 15, 1985","1.2625","1.2625","1.2625","1.2625","-0.86%"
"May 14, 1985","1.2735","1.2735","1.2735","1.2735","1.60%"
"May 13, 1985","1.2535","1.2535","1.2535","1.2535","1.62%"
"May 10, 1985","1.2335","1.2335","1.2335","1.2335","-0.35%"
"May 09, 1985","1.2378","1.2378","1.2378","1.2378","2.51%"
"May 08, 1985","1.2075","1.2075","1.2075","1.2075","-0.86%"
"May 07, 1985","1.2180","1.2180","1.2180","1.2180","2.53%"
"May 06, 1985","1.1880","1.1880","1.1880","1.1880","-1.57%"
"May 03, 1985","1.2070","1.2070","1.2070","1.2070","-1.11%"
"May 02, 1985","1.2205","1.2205","1.2205","1.2205","-0.25%"
"May 01, 1985","1.2235","1.2235","1.2235","1.2235","-1.41%"
"Apr 30, 1985","1.2410","1.2410","1.2410","1.2410","0.89%"
"Apr 29, 1985","1.2300","1.2300","1.2300","1.2300","1.15%"
"Apr 26, 1985","1.2160","1.2160","1.2160","1.2160","1.04%"
"Apr 25, 1985","1.2035","1.2035","1.2035","1.2035","-2.15%"
"Apr 24, 1985","1.2300","1.2300","1.2300","1.2300","-1.76%"
"Apr 23, 1985","1.2520","1.2520","1.2520","1.2520","-2.03%"
"Apr 22, 1985","1.2780","1.2780","1.2780","1.2780","-1.16%"
"Apr 19, 1985","1.2930","1.2930","1.2930","1.2930","-0.04%"
"Apr 18, 1985","1.2935","1.2935","1.2935","1.2935","1.55%"
"Apr 17, 1985","1.2738","1.2738","1.2738","1.2738","-0.29%"
"Apr 16, 1985","1.2775","1.2775","1.2775","1.2775","0.16%"
"Apr 15, 1985","1.2755","1.2755","1.2755","1.2755","1.67%"
"Apr 12, 1985","1.2545","1.2545","1.2545","1.2545","0.28%"
"Apr 11, 1985","1.2510","1.2510","1.2510","1.2510","2.96%"
"Apr 10, 1985","1.2150","1.2150","1.2150","1.2150","0.41%"
"Apr 09, 1985","1.2100","1.2100","1.2100","1.2100","0.75%"
"Apr 08, 1985","1.2010","1.2010","1.2010","1.2010","0.21%"
"Apr 05, 1985","1.1985","1.1985","1.1985","1.1985","0.42%"
"Apr 04, 1985","1.1935","1.1935","1.1935","1.1935","-1.89%"
"Apr 03, 1985","1.2165","1.2165","1.2165","1.2165","0.95%"
"Apr 02, 1985","1.2050","1.2050","1.2050","1.2050","-1.35%"
"Apr 01, 1985","1.2215","1.2215","1.2215","1.2215","-1.17%"
"Mar 29, 1985","1.2360","1.2360","1.2360","1.2360","0.73%"
"Mar 28, 1985","1.2270","1.2270","1.2270","1.2270","-0.85%"
"Mar 27, 1985","1.2375","1.2375","1.2375","1.2375","4.70%"
"Mar 26, 1985","1.1820","1.1820","1.1820","1.1820","0.94%"
"Mar 25, 1985","1.1710","1.1710","1.1710","1.1710","-0.13%"
"Mar 22, 1985","1.1725","1.1725","1.1725","1.1725","-1.22%"
"Mar 21, 1985","1.1870","1.1870","1.1870","1.1870","3.13%"
"Mar 20, 1985","1.1510","1.1510","1.1510","1.1510","1.37%"
"Mar 19, 1985","1.1355","1.1355","1.1355","1.1355","2.67%"
"Mar 18, 1985","1.1060","1.1060","1.1060","1.1060","2.03%"
"Mar 15, 1985","1.0840","1.0840","1.0840","1.0840","0.32%"
"Mar 14, 1985","1.0805","1.0805","1.0805","1.0805","-0.51%"
"Mar 13, 1985","1.0860","1.0860","1.0860","1.0860","-0.23%"
"Mar 12, 1985","1.0885","1.0885","1.0885","1.0885","0.00%"
"Mar 11, 1985","1.0885","1.0885","1.0885","1.0885","2.30%"
"Mar 08, 1985","1.0640","1.0640","1.0640","1.0640","-0.32%"
"Mar 07, 1985","1.0674","1.0674","1.0674","1.0674","-0.43%"
"Mar 06, 1985","1.0720","1.0720","1.0720","1.0720","1.66%"
"Mar 05, 1985","1.0545","1.0545","1.0545","1.0545","-1.24%"
"Mar 04, 1985","1.0677","1.0677","1.0677","1.0677","-0.40%"
"Mar 01, 1985","1.0720","1.0720","1.0720","1.0720","-0.65%"
"Feb 28, 1985","1.0790","1.0790","1.0790","1.0790","-0.78%"
"Feb 27, 1985","1.0875","1.0875","1.0875","1.0875","3.37%"
"Feb 26, 1985","1.0520","1.0520","1.0520","1.0520","-0.24%"
"Feb 25, 1985","1.0545","1.0545","1.0545","1.0545","-2.04%"
"Feb 22, 1985","1.0765","1.0765","1.0765","1.0765","-0.46%"
"Feb 21, 1985","1.0815","1.0815","1.0815","1.0815","-0.46%"
"Feb 20, 1985","1.0865","1.0865","1.0865","1.0865","-0.59%"
"Feb 19, 1985","1.0929","1.0929","1.0929","1.0929","-0.83%"
"Feb 15, 1985","1.1020","1.1020","1.1020","1.1020","0.92%"
"Feb 14, 1985","1.0920","1.0920","1.0920","1.0920","0.41%"
"Feb 13, 1985","1.0875","1.0875","1.0875","1.0875","-0.87%"
"Feb 11, 1985","1.0970","1.0970","1.0970","1.0970","-1.08%"
"Feb 08, 1985","1.1090","1.1090","1.1090","1.1090","-0.63%"
"Feb 07, 1985","1.1160","1.1160","1.1160","1.1160","0.22%"
"Feb 06, 1985","1.1135","1.1135","1.1135","1.1135","0.21%"
"Feb 05, 1985","1.1112","1.1112","1.1112","1.1112","-0.25%"
"Feb 04, 1985","1.1140","1.1140","1.1140","1.1140","-0.89%"
"Feb 01, 1985","1.1240","1.1240","1.1240","1.1240","-0.57%"
"Jan 31, 1985","1.1305","1.1305","1.1305","1.1305","0.40%"
"Jan 30, 1985","1.1260","1.1260","1.1260","1.1260","1.10%"
"Jan 29, 1985","1.1138","1.1138","1.1138","1.1138","0.25%"
"Jan 28, 1985","1.1110","1.1110","1.1110","1.1110","0.09%"
"Jan 25, 1985","1.1100","1.1100","1.1100","1.1100","-0.72%"
"Jan 24, 1985","1.1180","1.1180","1.1180","1.1180","0.72%"
"Jan 23, 1985","1.1100","1.1100","1.1100","1.1100","-1.20%"
"Jan 22, 1985","1.1235","1.1235","1.1235","1.1235","0.36%"
"Jan 18, 1985","1.1195","1.1195","1.1195","1.1195","0.07%"
"Jan 17, 1985","1.1187","1.1187","1.1187","1.1187","0.15%"
"Jan 16, 1985","1.1170","1.1170","1.1170","1.1170","-0.22%"
"Jan 15, 1985","1.1195","1.1195","1.1195","1.1195","0.77%"
"Jan 14, 1985","1.1110","1.1110","1.1110","1.1110","-1.20%"
"Jan 11, 1985","1.1245","1.1245","1.1245","1.1245","-0.84%"
"Jan 10, 1985","1.1340","1.1340","1.1340","1.1340","-0.61%"
"Jan 09, 1985","1.1410","1.1410","1.1410","1.1410","-0.57%"
"Jan 08, 1985","1.1475","1.1475","1.1475","1.1475","0.53%"
"Jan 07, 1985","1.1415","1.1415","1.1415","1.1415","-1.04%"
"Jan 04, 1985","1.1535","1.1535","1.1535","1.1535","0.26%"
"Jan 03, 1985","1.1505","1.1505","1.1505","1.1505","0.22%"
"Jan 02, 1985","1.1480","1.1480","1.1480","1.1480","-0.86%"
"Dec 31, 1984","1.1580","1.1580","1.1580","1.1580","-0.43%"
"Dec 28, 1984","1.1630","1.1630","1.1630","1.1630","0.04%"
"Dec 27, 1984","1.1625","1.1625","1.1625","1.1625","-0.73%"
"Dec 26, 1984","1.1710","1.1710","1.1710","1.1710","-0.17%"
"Dec 24, 1984","1.1730","1.1730","1.1730","1.1730","0.00%"
"Dec 21, 1984","1.1730","1.1730","1.1730","1.1730","0.73%"
"Dec 20, 1984","1.1645","1.1645","1.1645","1.1645","-0.88%"
"Dec 19, 1984","1.1748","1.1748","1.1748","1.1748","-0.94%"
"Dec 18, 1984","1.1860","1.1860","1.1860","1.1860","-0.42%"
"Dec 17, 1984","1.1910","1.1910","1.1910","1.1910","-0.21%"
"Dec 14, 1984","1.1935","1.1935","1.1935","1.1935","0.34%"
"Dec 13, 1984","1.1895","1.1895","1.1895","1.1895","-0.77%"
"Dec 12, 1984","1.1987","1.1987","1.1987","1.1987","-0.03%"
"Dec 11, 1984","1.1990","1.1990","1.1990","1.1990","-0.33%"
"Dec 10, 1984","1.2030","1.2030","1.2030","1.2030","-0.04%"
"Dec 07, 1984","1.2035","1.2035","1.2035","1.2035","-0.29%"
"Dec 06, 1984","1.2070","1.2070","1.2070","1.2070","-0.08%"
"Dec 05, 1984","1.2080","1.2080","1.2080","1.2080","-0.04%"
"Dec 04, 1984","1.2085","1.2085","1.2085","1.2085","1.19%"
"Dec 03, 1984","1.1943","1.1943","1.1943","1.1943","-0.23%"
"Nov 30, 1984","1.1970","1.1970","1.1970","1.1970","-0.37%"
"Nov 29, 1984","1.2015","1.2015","1.2015","1.2015","0.04%"
"Nov 28, 1984","1.2010","1.2010","1.2010","1.2010","-0.64%"
"Nov 27, 1984","1.2087","1.2087","1.2087","1.2087","0.77%"
"Nov 26, 1984","1.1995","1.1995","1.1995","1.1995","-1.68%"
"Nov 23, 1984","1.2200","1.2200","1.2200","1.2200","-0.59%"
"Nov 21, 1984","1.2272","1.2272","1.2272","1.2272","-0.83%"
"Nov 20, 1984","1.2375","1.2375","1.2375","1.2375","-0.90%"
"Nov 19, 1984","1.2487","1.2487","1.2487","1.2487","-0.42%"
"Nov 16, 1984","1.2540","1.2540","1.2540","1.2540","-0.56%"
"Nov 15, 1984","1.2610","1.2610","1.2610","1.2610","0.04%"
"Nov 14, 1984","1.2605","1.2605","1.2605","1.2605","-0.87%"
"Nov 13, 1984","1.2715","1.2715","1.2715","1.2715","0.87%"
"Nov 09, 1984","1.2605","1.2605","1.2605","1.2605","-0.72%"
"Nov 08, 1984","1.2697","1.2697","1.2697","1.2697","-0.18%"
"Nov 07, 1984","1.2720","1.2720","1.2720","1.2720","0.28%"
"Nov 05, 1984","1.2685","1.2685","1.2685","1.2685","1.40%"
"Nov 02, 1984","1.2510","1.2510","1.2510","1.2510","1.30%"
"Nov 01, 1984","1.2350","1.2350","1.2350","1.2350","1.35%"
"Oct 31, 1984","1.2185","1.2185","1.2185","1.2185","0.49%"
"Oct 30, 1984","1.2125","1.2125","1.2125","1.2125","0.33%"
"Oct 29, 1984","1.2085","1.2085","1.2085","1.2085","-1.10%"
"Oct 26, 1984","1.2220","1.2220","1.2220","1.2220","-0.45%"
"Oct 25, 1984","1.2275","1.2275","1.2275","1.2275","0.45%"
"Oct 24, 1984","1.2220","1.2220","1.2220","1.2220","1.12%"
"Oct 23, 1984","1.2085","1.2085","1.2085","1.2085","0.79%"
"Oct 22, 1984","1.1990","1.1990","1.1990","1.1990","0.63%"
"Oct 19, 1984","1.1915","1.1915","1.1915","1.1915","0.38%"
"Oct 18, 1984","1.1870","1.1870","1.1870","1.1870","-1.12%"
"Oct 17, 1984","1.2004","1.2004","1.2004","1.2004","-0.26%"
"Oct 16, 1984","1.2035","1.2035","1.2035","1.2035","-0.50%"
"Oct 15, 1984","1.2095","1.2095","1.2095","1.2095","-1.10%"
"Oct 12, 1984","1.2230","1.2230","1.2230","1.2230","-0.16%"
"Oct 11, 1984","1.2250","1.2250","1.2250","1.2250","-0.65%"
"Oct 10, 1984","1.2330","1.2330","1.2330","1.2330","0.41%"
"Oct 09, 1984","1.2280","1.2280","1.2280","1.2280","-0.77%"
"Oct 05, 1984","1.2375","1.2375","1.2375","1.2375","-0.76%"
"Oct 04, 1984","1.2470","1.2470","1.2470","1.2470","-0.20%"
"Oct 03, 1984","1.2495","1.2495","1.2495","1.2495","0.77%"
"Oct 02, 1984","1.2400","1.2400","1.2400","1.2400","0.20%"
"Oct 01, 1984","1.2375","1.2375","1.2375","1.2375","0.28%"
"Sep 28, 1984","1.2340","1.2340","1.2340","1.2340","-0.96%"
"Sep 27, 1984","1.2460","1.2460","1.2460","1.2460","0.40%"
"Sep 26, 1984","1.2410","1.2410","1.2410","1.2410","0.77%"
"Sep 25, 1984","1.2315","1.2315","1.2315","1.2315","-1.12%"
"Sep 24, 1984","1.2455","1.2455","1.2455","1.2455","0.04%"
"Sep 21, 1984","1.2450","1.2450","1.2450","1.2450","1.97%"
"Sep 20, 1984","1.2210","1.2210","1.2210","1.2210","-1.29%"
"Sep 19, 1984","1.2370","1.2370","1.2370","1.2370","0.41%"
"Sep 18, 1984","1.2320","1.2320","1.2320","1.2320","-0.81%"
"Sep 17, 1984","1.2420","1.2420","1.2420","1.2420","-1.90%"
"Sep 14, 1984","1.2660","1.2660","1.2660","1.2660","-0.12%"
"Sep 13, 1984","1.2675","1.2675","1.2675","1.2675","-0.94%"
"Sep 12, 1984","1.2795","1.2795","1.2795","1.2795","0.35%"
"Sep 11, 1984","1.2750","1.2750","1.2750","1.2750","-0.08%"
"Sep 10, 1984","1.2760","1.2760","1.2760","1.2760","0.24%"
"Sep 07, 1984","1.2730","1.2730","1.2730","1.2730","-0.93%"
"Sep 06, 1984","1.2850","1.2850","1.2850","1.2850","0.31%"
"Sep 05, 1984","1.2810","1.2810","1.2810","1.2810","-0.85%"
"Sep 04, 1984","1.2920","1.2920","1.2920","1.2920","-1.19%"
"Aug 31, 1984","1.3075","1.3075","1.3075","1.3075","-0.27%"
"Aug 30, 1984","1.3110","1.3110","1.3110","1.3110","-0.30%"
"Aug 29, 1984","1.3150","1.3150","1.3150","1.3150","0.34%"
"Aug 28, 1984","1.3105","1.3105","1.3105","1.3105","0.23%"
"Aug 27, 1984","1.3075","1.3075","1.3075","1.3075","0.19%"
"Aug 24, 1984","1.3050","1.3050","1.3050","1.3050","-0.57%"
"Aug 23, 1984","1.3125","1.3125","1.3125","1.3125","0.23%"
"Aug 22, 1984","1.3095","1.3095","1.3095","1.3095","-0.30%"
"Aug 21, 1984","1.3135","1.3135","1.3135","1.3135","-0.42%"
"Aug 20, 1984","1.3190","1.3190","1.3190","1.3190","-0.23%"
"Aug 17, 1984","1.3220","1.3220","1.3220","1.3220","-0.41%"
"Aug 16, 1984","1.3275","1.3275","1.3275","1.3275","0.55%"
"Aug 15, 1984","1.3203","1.3203","1.3203","1.3203","0.10%"
"Aug 14, 1984","1.3190","1.3190","1.3190","1.3190","1.07%"
"Aug 13, 1984","1.3050","1.3050","1.3050","1.3050","-0.57%"
"Aug 10, 1984","1.3125","1.3125","1.3125","1.3125","0.08%"
"Aug 09, 1984","1.3115","1.3115","1.3115","1.3115","-0.23%"
"Aug 08, 1984","1.3145","1.3145","1.3145","1.3145","0.65%"
"Aug 07, 1984","1.3060","1.3060","1.3060","1.3060","-0.84%"
"Aug 06, 1984","1.3170","1.3170","1.3170","1.3170","-0.75%"
"Aug 03, 1984","1.3270","1.3270","1.3270","1.3270","1.34%"
"Aug 02, 1984","1.3095","1.3095","1.3095","1.3095","0.65%"
"Aug 01, 1984","1.3010","1.3010","1.3010","1.3010","-0.48%"
"Jul 31, 1984","1.3073","1.3073","1.3073","1.3073","-0.02%"
"Jul 30, 1984","1.3075","1.3075","1.3075","1.3075","-0.27%"
"Jul 27, 1984","1.3110","1.3110","1.3110","1.3110","-1.49%"
"Jul 26, 1984","1.3308","1.3308","1.3308","1.3308","-0.13%"
"Jul 25, 1984","1.3325","1.3325","1.3325","1.3325","0.64%"
"Jul 24, 1984","1.3240","1.3240","1.3240","1.3240","0.42%"
"Jul 23, 1984","1.3185","1.3185","1.3185","1.3185","-0.36%"
"Jul 20, 1984","1.3232","1.3232","1.3232","1.3232","-0.36%"
"Jul 19, 1984","1.3280","1.3280","1.3280","1.3280","1.07%"
"Jul 18, 1984","1.3140","1.3140","1.3140","1.3140","-0.27%"
"Jul 17, 1984","1.3175","1.3175","1.3175","1.3175","-0.68%"
"Jul 16, 1984","1.3265","1.3265","1.3265","1.3265","0.23%"
"Jul 13, 1984","1.3235","1.3235","1.3235","1.3235","1.30%"
"Jul 12, 1984","1.3065","1.3065","1.3065","1.3065","-0.42%"
"Jul 11, 1984","1.3120","1.3120","1.3120","1.3120","0.19%"
"Jul 10, 1984","1.3095","1.3095","1.3095","1.3095","0.27%"
"Jul 09, 1984","1.3060","1.3060","1.3060","1.3060","-0.76%"
"Jul 06, 1984","1.3160","1.3160","1.3160","1.3160","-0.15%"
"Jul 05, 1984","1.3180","1.3180","1.3180","1.3180","-1.42%"
"Jul 03, 1984","1.3370","1.3370","1.3370","1.3370","-1.02%"
"Jul 02, 1984","1.3508","1.3508","1.3508","1.3508","-0.49%"
"Jun 29, 1984","1.3575","1.3575","1.3575","1.3575","0.37%"
"Jun 28, 1984","1.3525","1.3525","1.3525","1.3525","0.26%"
"Jun 27, 1984","1.3490","1.3490","1.3490","1.3490","-0.15%"
"Jun 26, 1984","1.3510","1.3510","1.3510","1.3510","0.00%"
"Jun 25, 1984","1.3510","1.3510","1.3510","1.3510","-0.90%"
"Jun 22, 1984","1.3633","1.3633","1.3633","1.3633","0.10%"
"Jun 21, 1984","1.3620","1.3620","1.3620","1.3620","-0.29%"
"Jun 20, 1984","1.3660","1.3660","1.3660","1.3660","-0.87%"
"Jun 19, 1984","1.3780","1.3780","1.3780","1.3780","0.23%"
"Jun 18, 1984","1.3748","1.3748","1.3748","1.3748","-0.27%"
"Jun 15, 1984","1.3785","1.3785","1.3785","1.3785","-0.47%"
"Jun 14, 1984","1.3850","1.3850","1.3850","1.3850","-0.04%"
"Jun 13, 1984","1.3855","1.3855","1.3855","1.3855","0.14%"
"Jun 12, 1984","1.3835","1.3835","1.3835","1.3835","-0.32%"
"Jun 11, 1984","1.3880","1.3880","1.3880","1.3880","-0.39%"
"Jun 08, 1984","1.3935","1.3935","1.3935","1.3935","-0.24%"
"Jun 07, 1984","1.3968","1.3968","1.3968","1.3968","-0.34%"
"Jun 06, 1984","1.4015","1.4015","1.4015","1.4015","0.50%"
"Jun 05, 1984","1.3945","1.3945","1.3945","1.3945","-0.39%"
"Jun 04, 1984","1.4000","1.4000","1.4000","1.4000","-0.25%"
"Jun 01, 1984","1.4035","1.4035","1.4035","1.4035","1.30%"
"May 31, 1984","1.3855","1.3855","1.3855","1.3855","0.11%"
"May 30, 1984","1.3840","1.3840","1.3840","1.3840","-0.11%"
"May 29, 1984","1.3855","1.3855","1.3855","1.3855","0.18%"
"May 25, 1984","1.3830","1.3830","1.3830","1.3830","0.07%"
"May 24, 1984","1.3820","1.3820","1.3820","1.3820","0.40%"
"May 23, 1984","1.3765","1.3765","1.3765","1.3765","-0.90%"
"May 22, 1984","1.3890","1.3890","1.3890","1.3890","-0.11%"
"May 21, 1984","1.3905","1.3905","1.3905","1.3905","0.27%"
"May 18, 1984","1.3867","1.3867","1.3867","1.3867","-0.52%"
"May 17, 1984","1.3940","1.3940","1.3940","1.3940","0.00%"
"May 16, 1984","1.3940","1.3940","1.3940","1.3940","0.47%"
"May 15, 1984","1.3875","1.3875","1.3875","1.3875","-0.04%"
"May 14, 1984","1.3880","1.3880","1.3880","1.3880","0.33%"
"May 11, 1984","1.3835","1.3835","1.3835","1.3835","0.04%"
"May 10, 1984","1.3830","1.3830","1.3830","1.3830","-0.43%"
"May 09, 1984","1.3890","1.3890","1.3890","1.3890","0.47%"
"May 08, 1984","1.3825","1.3825","1.3825","1.3825","-0.22%"
"May 07, 1984","1.3855","1.3855","1.3855","1.3855","-1.60%"
"May 04, 1984","1.4080","1.4080","1.4080","1.4080","-0.35%"
"May 03, 1984","1.4130","1.4130","1.4130","1.4130","1.00%"
"May 02, 1984","1.3990","1.3990","1.3990","1.3990","0.11%"
"May 01, 1984","1.3975","1.3975","1.3975","1.3975","-0.04%"
"Apr 30, 1984","1.3980","1.3980","1.3980","1.3980","-0.25%"
"Apr 27, 1984","1.4015","1.4015","1.4015","1.4015","-0.16%"
"Apr 26, 1984","1.4038","1.4038","1.4038","1.4038","-0.55%"
"Apr 25, 1984","1.4115","1.4115","1.4115","1.4115","0.31%"
"Apr 24, 1984","1.4072","1.4072","1.4072","1.4072","-0.59%"
"Apr 23, 1984","1.4155","1.4155","1.4155","1.4155","-0.04%"
"Apr 20, 1984","1.4160","1.4160","1.4160","1.4160","-0.12%"
"Apr 19, 1984","1.4177","1.4177","1.4177","1.4177","-0.11%"
"Apr 18, 1984","1.4192","1.4192","1.4192","1.4192","-0.13%"
"Apr 17, 1984","1.4211","1.4211","1.4211","1.4211","-0.03%"
"Apr 16, 1984","1.4215","1.4215","1.4215","1.4215","-0.52%"
"Apr 13, 1984","1.4290","1.4290","1.4290","1.4290","0.00%"
"Apr 12, 1984","1.4290","1.4290","1.4290","1.4290","-0.49%"
"Apr 11, 1984","1.4360","1.4360","1.4360","1.4360","-0.07%"
"Apr 10, 1984","1.4370","1.4370","1.4370","1.4370","0.84%"
"Apr 09, 1984","1.4250","1.4250","1.4250","1.4250","-0.35%"
"Apr 06, 1984","1.4300","1.4300","1.4300","1.4300","0.28%"
"Apr 05, 1984","1.4260","1.4260","1.4260","1.4260","-0.45%"
"Apr 04, 1984","1.4325","1.4325","1.4325","1.4325","0.07%"
"Apr 03, 1984","1.4315","1.4315","1.4315","1.4315","-0.10%"
"Apr 02, 1984","1.4330","1.4330","1.4330","1.4330","-0.31%"
"Mar 30, 1984","1.4375","1.4375","1.4375","1.4375","-0.93%"
"Mar 29, 1984","1.4510","1.4510","1.4510","1.4510","0.31%"
"Mar 28, 1984","1.4465","1.4465","1.4465","1.4465","-0.03%"
"Mar 27, 1984","1.4470","1.4470","1.4470","1.4470","-0.03%"
"Mar 26, 1984","1.4475","1.4475","1.4475","1.4475","0.80%"
"Mar 23, 1984","1.4360","1.4360","1.4360","1.4360","0.40%"
"Mar 22, 1984","1.4303","1.4303","1.4303","1.4303","-0.07%"
"Mar 21, 1984","1.4313","1.4313","1.4313","1.4313","-0.54%"
"Mar 20, 1984","1.4390","1.4390","1.4390","1.4390","0.63%"
"Mar 19, 1984","1.4300","1.4300","1.4300","1.4300","-1.04%"
"Mar 16, 1984","1.4450","1.4450","1.4450","1.4450","-1.10%"
"Mar 15, 1984","1.4610","1.4610","1.4610","1.4610","-0.38%"
"Mar 14, 1984","1.4665","1.4665","1.4665","1.4665","-0.07%"
"Mar 13, 1984","1.4675","1.4675","1.4675","1.4675","0.98%"
"Mar 12, 1984","1.4532","1.4532","1.4532","1.4532","-0.64%"
"Mar 09, 1984","1.4625","1.4625","1.4625","1.4625","0.31%"
"Mar 08, 1984","1.4580","1.4580","1.4580","1.4580","-1.19%"
"Mar 07, 1984","1.4755","1.4755","1.4755","1.4755","-0.57%"
"Mar 06, 1984","1.4840","1.4840","1.4840","1.4840","-0.03%"
"Mar 05, 1984","1.4845","1.4845","1.4845","1.4845","0.24%"
"Mar 02, 1984","1.4810","1.4810","1.4810","1.4810","0.20%"
"Mar 01, 1984","1.4780","1.4780","1.4780","1.4780","-0.84%"
"Feb 29, 1984","1.4905","1.4905","1.4905","1.4905","-0.07%"
"Feb 28, 1984","1.4915","1.4915","1.4915","1.4915","1.26%"
"Feb 27, 1984","1.4730","1.4730","1.4730","1.4730","0.03%"
"Feb 24, 1984","1.4725","1.4725","1.4725","1.4725","1.03%"
"Feb 23, 1984","1.4575","1.4575","1.4575","1.4575","0.41%"
"Feb 22, 1984","1.4515","1.4515","1.4515","1.4515","0.73%"
"Feb 21, 1984","1.4410","1.4410","1.4410","1.4410","-0.69%"
"Feb 17, 1984","1.4510","1.4510","1.4510","1.4510","0.35%"
"Feb 16, 1984","1.4460","1.4460","1.4460","1.4460","0.10%"
"Feb 15, 1984","1.4445","1.4445","1.4445","1.4445","1.16%"
"Feb 14, 1984","1.4280","1.4280","1.4280","1.4280","0.97%"
"Feb 10, 1984","1.4143","1.4143","1.4143","1.4143","-0.47%"
"Feb 09, 1984","1.4210","1.4210","1.4210","1.4210","0.58%"
"Feb 08, 1984","1.4128","1.4128","1.4128","1.4128","0.15%"
"Feb 07, 1984","1.4107","1.4107","1.4107","1.4107","-0.83%"
"Feb 06, 1984","1.4225","1.4225","1.4225","1.4225","-0.59%"
"Feb 03, 1984","1.4310","1.4310","1.4310","1.4310","0.60%"
"Feb 02, 1984","1.4225","1.4225","1.4225","1.4225","0.89%"
"Feb 01, 1984","1.4100","1.4100","1.4100","1.4100","0.63%"
"Jan 31, 1984","1.4012","1.4012","1.4012","1.4012","-0.44%"
"Jan 30, 1984","1.4074","1.4074","1.4074","1.4074","0.28%"
"Jan 27, 1984","1.4035","1.4035","1.4035","1.4035","-0.18%"
"Jan 26, 1984","1.4060","1.4060","1.4060","1.4060","0.38%"
"Jan 25, 1984","1.4007","1.4007","1.4007","1.4007","0.12%"
"Jan 24, 1984","1.3990","1.3990","1.3990","1.3990","-0.49%"
"Jan 23, 1984","1.4059","1.4059","1.4059","1.4059","0.39%"
"Jan 20, 1984","1.4005","1.4005","1.4005","1.4005","-1.23%"
"Jan 19, 1984","1.4180","1.4180","1.4180","1.4180","0.28%"
"Jan 18, 1984","1.4140","1.4140","1.4140","1.4140","0.25%"
"Jan 17, 1984","1.4105","1.4105","1.4105","1.4105","-0.63%"
"Jan 16, 1984","1.4195","1.4195","1.4195","1.4195","0.67%"
"Jan 13, 1984","1.4100","1.4100","1.4100","1.4100","0.85%"
"Jan 12, 1984","1.3981","1.3981","1.3981","1.3981","0.13%"
"Jan 11, 1984","1.3963","1.3963","1.3963","1.3963","-0.43%"
"Jan 10, 1984","1.4024","1.4024","1.4024","1.4024","-0.03%"
"Jan 09, 1984","1.4028","1.4028","1.4028","1.4028","-0.30%"
"Jan 06, 1984","1.4070","1.4070","1.4070","1.4070","-0.39%"
"Jan 05, 1984","1.4125","1.4125","1.4125","1.4125","-0.34%"
"Jan 04, 1984","1.4173","1.4173","1.4173","1.4173","-0.80%"
"Jan 03, 1984","1.4287","1.4287","1.4287","1.4287","-1.57%"
"Dec 30, 1983","1.4515","1.4515","1.4515","1.4515","0.28%"
"Dec 29, 1983","1.4475","1.4475","1.4475","1.4475","0.80%"
"Dec 28, 1983","1.4360","1.4360","1.4360","1.4360","0.28%"
"Dec 27, 1983","1.4320","1.4320","1.4320","1.4320","0.03%"
"Dec 23, 1983","1.4315","1.4315","1.4315","1.4315","0.32%"
"Dec 22, 1983","1.4270","1.4270","1.4270","1.4270","0.32%"
"Dec 21, 1983","1.4225","1.4225","1.4225","1.4225","0.25%"
"Dec 20, 1983","1.4190","1.4190","1.4190","1.4190","0.06%"
"Dec 19, 1983","1.4182","1.4182","1.4182","1.4182","0.23%"
"Dec 16, 1983","1.4150","1.4150","1.4150","1.4150","-0.46%"
"Dec 15, 1983","1.4215","1.4215","1.4215","1.4215","0.46%"
"Dec 14, 1983","1.4150","1.4150","1.4150","1.4150","-0.11%"
"Dec 13, 1983","1.4165","1.4165","1.4165","1.4165","-0.99%"
"Dec 12, 1983","1.4307","1.4307","1.4307","1.4307","-0.30%"
"Dec 09, 1983","1.4350","1.4350","1.4350","1.4350","-0.45%"
"Dec 08, 1983","1.4415","1.4415","1.4415","1.4415","0.17%"
"Dec 07, 1983","1.4390","1.4390","1.4390","1.4390","-0.79%"
"Dec 06, 1983","1.4505","1.4505","1.4505","1.4505","0.35%"
"Dec 05, 1983","1.4455","1.4455","1.4455","1.4455","-0.80%"
"Dec 02, 1983","1.4572","1.4572","1.4572","1.4572","-0.04%"
"Dec 01, 1983","1.4578","1.4578","1.4578","1.4578","-0.36%"
"Nov 30, 1983","1.4630","1.4630","1.4630","1.4630","0.21%"
"Nov 29, 1983","1.4600","1.4600","1.4600","1.4600","0.09%"
"Nov 28, 1983","1.4587","1.4587","1.4587","1.4587","-0.05%"
"Nov 25, 1983","1.4595","1.4595","1.4595","1.4595","-0.55%"
"Nov 23, 1983","1.4675","1.4675","1.4675","1.4675","-0.44%"
"Nov 22, 1983","1.4740","1.4740","1.4740","1.4740","0.61%"
"Nov 21, 1983","1.4650","1.4650","1.4650","1.4650","-0.31%"
"Nov 18, 1983","1.4695","1.4695","1.4695","1.4695","-0.60%"
"Nov 17, 1983","1.4783","1.4783","1.4783","1.4783","-0.32%"
"Nov 16, 1983","1.4830","1.4830","1.4830","1.4830","-0.14%"
"Nov 15, 1983","1.4851","1.4851","1.4851","1.4851","0.07%"
"Nov 14, 1983","1.4840","1.4840","1.4840","1.4840","-0.47%"
"Nov 10, 1983","1.4910","1.4910","1.4910","1.4910","0.44%"
"Nov 09, 1983","1.4845","1.4845","1.4845","1.4845","-0.07%"
"Nov 07, 1983","1.4855","1.4855","1.4855","1.4855","-0.17%"
"Nov 04, 1983","1.4880","1.4880","1.4880","1.4880","0.07%"
"Nov 03, 1983","1.4870","1.4870","1.4870","1.4870","-0.01%"
"Nov 02, 1983","1.4871","1.4871","1.4871","1.4871","0.11%"
"Nov 01, 1983","1.4855","1.4855","1.4855","1.4855","-0.65%"
"Oct 31, 1983","1.4952","1.4952","1.4952","1.4952","0.01%"
"Oct 28, 1983","1.4950","1.4950","1.4950","1.4950","0.05%"
"Oct 27, 1983","1.4942","1.4942","1.4942","1.4942","-0.25%"
"Oct 26, 1983","1.4980","1.4980","1.4980","1.4980","-0.11%"
"Oct 25, 1983","1.4997","1.4997","1.4997","1.4997","0.15%"
"Oct 24, 1983","1.4975","1.4975","1.4975","1.4975","-0.29%"
"Oct 21, 1983","1.5018","1.5018","1.5018","1.5018","0.27%"
"Oct 20, 1983","1.4978","1.4978","1.4978","1.4978","-0.17%"
"Oct 19, 1983","1.5003","1.5003","1.5003","1.5003","-0.01%"
"Oct 18, 1983","1.5005","1.5005","1.5005","1.5005","0.00%"
"Oct 17, 1983","1.5005","1.5005","1.5005","1.5005","0.07%"
"Oct 14, 1983","1.4994","1.4994","1.4994","1.4994","-0.01%"
"Oct 13, 1983","1.4995","1.4995","1.4995","1.4995","-0.30%"
"Oct 12, 1983","1.5040","1.5040","1.5040","1.5040","-0.27%"
"Oct 11, 1983","1.5080","1.5080","1.5080","1.5080","-0.07%"
"Oct 07, 1983","1.5090","1.5090","1.5090","1.5090","1.25%"
"Oct 06, 1983","1.4903","1.4903","1.4903","1.4903","0.09%"
"Oct 05, 1983","1.4890","1.4890","1.4890","1.4890","0.95%"
"Oct 04, 1983","1.4750","1.4750","1.4750","1.4750","-0.57%"
"Oct 03, 1983","1.4835","1.4835","1.4835","1.4835","-0.95%"
"Sep 30, 1983","1.4977","1.4977","1.4977","1.4977","-0.12%"
"Sep 29, 1983","1.4995","1.4995","1.4995","1.4995","0.02%"
"Sep 28, 1983","1.4992","1.4992","1.4992","1.4992","0.11%"
"Sep 27, 1983","1.4975","1.4975","1.4975","1.4975","-0.38%"
"Sep 26, 1983","1.5032","1.5032","1.5032","1.5032","0.03%"
"Sep 23, 1983","1.5027","1.5027","1.5027","1.5027","0.35%"
"Sep 22, 1983","1.4975","1.4975","1.4975","1.4975","-0.56%"
"Sep 21, 1983","1.5060","1.5060","1.5060","1.5060","-0.13%"
"Sep 20, 1983","1.5080","1.5080","1.5080","1.5080","-0.07%"
"Sep 19, 1983","1.5090","1.5090","1.5090","1.5090","0.47%"
"Sep 16, 1983","1.5020","1.5020","1.5020","1.5020","0.33%"
"Sep 15, 1983","1.4970","1.4970","1.4970","1.4970","0.47%"
"Sep 14, 1983","1.4900","1.4900","1.4900","1.4900","-0.23%"
"Sep 13, 1983","1.4935","1.4935","1.4935","1.4935","-0.50%"
"Sep 12, 1983","1.5010","1.5010","1.5010","1.5010","0.47%"
"Sep 09, 1983","1.4940","1.4940","1.4940","1.4940","0.12%"
"Sep 08, 1983","1.4922","1.4922","1.4922","1.4922","0.11%"
"Sep 07, 1983","1.4905","1.4905","1.4905","1.4905","-0.53%"
"Sep 06, 1983","1.4985","1.4985","1.4985","1.4985","0.23%"
"Sep 02, 1983","1.4950","1.4950","1.4950","1.4950","-0.16%"
"Sep 01, 1983","1.4974","1.4974","1.4974","1.4974","0.23%"
"Aug 31, 1983","1.4940","1.4940","1.4940","1.4940","-0.32%"
"Aug 30, 1983","1.4988","1.4988","1.4988","1.4988","-0.15%"
"Aug 29, 1983","1.5010","1.5010","1.5010","1.5010","-0.23%"
"Aug 26, 1983","1.5045","1.5045","1.5045","1.5045","-0.10%"
"Aug 25, 1983","1.5060","1.5060","1.5060","1.5060","-0.91%"
"Aug 24, 1983","1.5198","1.5198","1.5198","1.5198","-0.72%"
"Aug 23, 1983","1.5308","1.5308","1.5308","1.5308","0.18%"
"Aug 22, 1983","1.5280","1.5280","1.5280","1.5280","0.73%"
"Aug 19, 1983","1.5170","1.5170","1.5170","1.5170","-0.41%"
"Aug 18, 1983","1.5233","1.5233","1.5233","1.5233","0.58%"
"Aug 17, 1983","1.5145","1.5145","1.5145","1.5145","0.46%"
"Aug 16, 1983","1.5075","1.5075","1.5075","1.5075","1.01%"
"Aug 15, 1983","1.4925","1.4925","1.4925","1.4925","0.74%"
"Aug 12, 1983","1.4815","1.4815","1.4815","1.4815","0.16%"
"Aug 11, 1983","1.4792","1.4792","1.4792","1.4792","-0.12%"
"Aug 10, 1983","1.4810","1.4810","1.4810","1.4810","-0.87%"
"Aug 09, 1983","1.4940","1.4940","1.4940","1.4940","0.20%"
"Aug 08, 1983","1.4910","1.4910","1.4910","1.4910","0.40%"
"Aug 05, 1983","1.4850","1.4850","1.4850","1.4850","-0.17%"
"Aug 04, 1983","1.4875","1.4875","1.4875","1.4875","-1.22%"
"Aug 03, 1983","1.5058","1.5058","1.5058","1.5058","-0.09%"
"Aug 02, 1983","1.5072","1.5072","1.5072","1.5072","-0.12%"
"Aug 01, 1983","1.5090","1.5090","1.5090","1.5090","-0.72%"
"Jul 29, 1983","1.5200","1.5200","1.5200","1.5200","-0.35%"
"Jul 28, 1983","1.5253","1.5253","1.5253","1.5253","-0.14%"
"Jul 27, 1983","1.5275","1.5275","1.5275","1.5275","0.16%"
"Jul 26, 1983","1.5250","1.5250","1.5250","1.5250","0.23%"
"Jul 25, 1983","1.5215","1.5215","1.5215","1.5215","0.07%"
"Jul 22, 1983","1.5205","1.5205","1.5205","1.5205","-0.30%"
"Jul 21, 1983","1.5250","1.5250","1.5250","1.5250","0.07%"
"Jul 20, 1983","1.5240","1.5240","1.5240","1.5240","0.40%"
"Jul 19, 1983","1.5179","1.5179","1.5179","1.5179","-0.12%"
"Jul 18, 1983","1.5197","1.5197","1.5197","1.5197","0.21%"
"Jul 15, 1983","1.5165","1.5165","1.5165","1.5165","-0.75%"
"Jul 14, 1983","1.5280","1.5280","1.5280","1.5280","-0.12%"
"Jul 13, 1983","1.5298","1.5298","1.5298","1.5298","-0.11%"
"Jul 12, 1983","1.5315","1.5315","1.5315","1.5315","-0.16%"
"Jul 11, 1983","1.5340","1.5340","1.5340","1.5340","-0.49%"
"Jul 08, 1983","1.5415","1.5415","1.5415","1.5415","0.16%"
"Jul 07, 1983","1.5390","1.5390","1.5390","1.5390","-0.03%"
"Jul 06, 1983","1.5395","1.5395","1.5395","1.5395","0.72%"
"Jul 05, 1983","1.5285","1.5285","1.5285","1.5285","-0.16%"
"Jul 01, 1983","1.5310","1.5310","1.5310","1.5310","-0.15%"
"Jun 30, 1983","1.5333","1.5333","1.5333","1.5333","0.37%"
"Jun 29, 1983","1.5277","1.5277","1.5277","1.5277","-0.31%"
"Jun 28, 1983","1.5325","1.5325","1.5325","1.5325","-0.33%"
"Jun 27, 1983","1.5375","1.5375","1.5375","1.5375","-0.52%"
"Jun 24, 1983","1.5455","1.5455","1.5455","1.5455","0.29%"
"Jun 23, 1983","1.5410","1.5410","1.5410","1.5410","0.69%"
"Jun 22, 1983","1.5305","1.5305","1.5305","1.5305","0.29%"
"Jun 21, 1983","1.5260","1.5260","1.5260","1.5260","-0.39%"
"Jun 20, 1983","1.5320","1.5320","1.5320","1.5320","0.59%"
"Jun 17, 1983","1.5230","1.5230","1.5230","1.5230","-0.26%"
"Jun 16, 1983","1.5270","1.5270","1.5270","1.5270","0.33%"
"Jun 15, 1983","1.5220","1.5220","1.5220","1.5220","-0.03%"
"Jun 14, 1983","1.5225","1.5225","1.5225","1.5225","-1.91%"
"Jun 13, 1983","1.5522","1.5522","1.5522","1.5522","-1.17%"
"Jun 10, 1983","1.5705","1.5705","1.5705","1.5705","-0.53%"
"Jun 09, 1983","1.5788","1.5788","1.5788","1.5788","0.59%"
"Jun 08, 1983","1.5696","1.5696","1.5696","1.5696","-0.15%"
"Jun 07, 1983","1.5720","1.5720","1.5720","1.5720","-0.25%"
"Jun 06, 1983","1.5760","1.5760","1.5760","1.5760","0.70%"
"Jun 03, 1983","1.5650","1.5650","1.5650","1.5650","-1.05%"
"Jun 02, 1983","1.5816","1.5816","1.5816","1.5816","-0.53%"
"Jun 01, 1983","1.5900","1.5900","1.5900","1.5900","-0.66%"
"May 31, 1983","1.6005","1.6005","1.6005","1.6005","-0.08%"
"May 27, 1983","1.6018","1.6018","1.6018","1.6018","-0.01%"
"May 26, 1983","1.6020","1.6020","1.6020","1.6020","1.05%"
"May 25, 1983","1.5854","1.5854","1.5854","1.5854","1.19%"
"May 24, 1983","1.5667","1.5667","1.5667","1.5667","0.67%"
"May 23, 1983","1.5562","1.5562","1.5562","1.5562","0.00%"
"May 20, 1983","1.5562","1.5562","1.5562","1.5562","0.22%"
"May 19, 1983","1.5528","1.5528","1.5528","1.5528","-0.37%"
"May 18, 1983","1.5585","1.5585","1.5585","1.5585","0.29%"
"May 17, 1983","1.5540","1.5540","1.5540","1.5540","-0.42%"
"May 16, 1983","1.5605","1.5605","1.5605","1.5605","-0.38%"
"May 13, 1983","1.5665","1.5665","1.5665","1.5665","-0.10%"
"May 12, 1983","1.5681","1.5681","1.5681","1.5681","-0.03%"
"May 11, 1983","1.5685","1.5685","1.5685","1.5685","0.26%"
"May 10, 1983","1.5645","1.5645","1.5645","1.5645","-0.22%"
"May 09, 1983","1.5680","1.5680","1.5680","1.5680","-0.70%"
"May 06, 1983","1.5790","1.5790","1.5790","1.5790","0.06%"
"May 05, 1983","1.5780","1.5780","1.5780","1.5780","-0.04%"
"May 04, 1983","1.5787","1.5787","1.5787","1.5787","0.03%"
"May 03, 1983","1.5782","1.5782","1.5782","1.5782","0.48%"
"May 02, 1983","1.5707","1.5707","1.5707","1.5707","0.86%"
"Apr 29, 1983","1.5573","1.5573","1.5573","1.5573","-0.12%"
"Apr 28, 1983","1.5592","1.5592","1.5592","1.5592","-0.56%"
"Apr 27, 1983","1.5680","1.5680","1.5680","1.5680","-0.13%"
"Apr 26, 1983","1.5700","1.5700","1.5700","1.5700","0.13%"
"Apr 25, 1983","1.5680","1.5680","1.5680","1.5680","1.62%"
"Apr 22, 1983","1.5430","1.5430","1.5430","1.5430","-0.29%"
"Apr 21, 1983","1.5475","1.5475","1.5475","1.5475","0.36%"
"Apr 20, 1983","1.5420","1.5420","1.5420","1.5420","-0.48%"
"Apr 19, 1983","1.5495","1.5495","1.5495","1.5495","-0.74%"
"Apr 18, 1983","1.5610","1.5610","1.5610","1.5610","0.79%"
"Apr 15, 1983","1.5488","1.5488","1.5488","1.5488","0.56%"
"Apr 14, 1983","1.5402","1.5402","1.5402","1.5402","0.24%"
"Apr 13, 1983","1.5365","1.5365","1.5365","1.5365","-0.39%"
"Apr 12, 1983","1.5425","1.5425","1.5425","1.5425","1.06%"
"Apr 11, 1983","1.5263","1.5263","1.5263","1.5263","1.42%"
"Apr 08, 1983","1.5050","1.5050","1.5050","1.5050","0.10%"
"Apr 07, 1983","1.5035","1.5035","1.5035","1.5035","-0.89%"
"Apr 06, 1983","1.5170","1.5170","1.5170","1.5170","0.71%"
"Apr 05, 1983","1.5063","1.5063","1.5063","1.5063","1.20%"
"Apr 04, 1983","1.4885","1.4885","1.4885","1.4885","0.40%"
"Mar 31, 1983","1.4825","1.4825","1.4825","1.4825","1.09%"
"Mar 30, 1983","1.4665","1.4665","1.4665","1.4665","0.84%"
"Mar 29, 1983","1.4543","1.4543","1.4543","1.4543","-0.01%"
"Mar 28, 1983","1.4545","1.4545","1.4545","1.4545","-0.38%"
"Mar 25, 1983","1.4600","1.4600","1.4600","1.4600","-0.12%"
"Mar 24, 1983","1.4618","1.4618","1.4618","1.4618","0.26%"
"Mar 23, 1983","1.4580","1.4580","1.4580","1.4580","-0.95%"
"Mar 22, 1983","1.4720","1.4720","1.4720","1.4720","0.10%"
"Mar 21, 1983","1.4705","1.4705","1.4705","1.4705","-1.14%"
"Mar 18, 1983","1.4875","1.4875","1.4875","1.4875","-0.99%"
"Mar 17, 1983","1.5023","1.5023","1.5023","1.5023","-0.51%"
"Mar 16, 1983","1.5100","1.5100","1.5100","1.5100","-0.26%"
"Mar 15, 1983","1.5140","1.5140","1.5140","1.5140","0.33%"
"Mar 14, 1983","1.5090","1.5090","1.5090","1.5090","0.42%"
"Mar 11, 1983","1.5027","1.5027","1.5027","1.5027","-0.60%"
"Mar 10, 1983","1.5117","1.5117","1.5117","1.5117","0.61%"
"Mar 09, 1983","1.5025","1.5025","1.5025","1.5025","0.20%"
"Mar 08, 1983","1.4995","1.4995","1.4995","1.4995","-1.14%"
"Mar 07, 1983","1.5168","1.5168","1.5168","1.5168","0.38%"
"Mar 04, 1983","1.5110","1.5110","1.5110","1.5110","-0.10%"
"Mar 03, 1983","1.5125","1.5125","1.5125","1.5125","0.50%"
"Mar 02, 1983","1.5050","1.5050","1.5050","1.5050","0.03%"
"Mar 01, 1983","1.5045","1.5045","1.5045","1.5045","-0.46%"
"Feb 28, 1983","1.5115","1.5115","1.5115","1.5115","-1.02%"
"Feb 25, 1983","1.5270","1.5270","1.5270","1.5270","-0.03%"
"Feb 24, 1983","1.5275","1.5275","1.5275","1.5275","-0.36%"
"Feb 23, 1983","1.5330","1.5330","1.5330","1.5330","0.76%"
"Feb 22, 1983","1.5215","1.5215","1.5215","1.5215","-1.43%"
"Feb 18, 1983","1.5435","1.5435","1.5435","1.5435","0.00%"
"Feb 17, 1983","1.5435","1.5435","1.5435","1.5435","-0.48%"
"Feb 16, 1983","1.5510","1.5510","1.5510","1.5510","0.65%"
"Feb 15, 1983","1.5410","1.5410","1.5410","1.5410","0.16%"
"Feb 14, 1983","1.5385","1.5385","1.5385","1.5385","-0.13%"
"Feb 11, 1983","1.5405","1.5405","1.5405","1.5405","-0.55%"
"Feb 10, 1983","1.5490","1.5490","1.5490","1.5490","0.52%"
"Feb 09, 1983","1.5410","1.5410","1.5410","1.5410","0.29%"
"Feb 08, 1983","1.5365","1.5365","1.5365","1.5365","0.16%"
"Feb 07, 1983","1.5340","1.5340","1.5340","1.5340","0.62%"
"Feb 04, 1983","1.5245","1.5245","1.5245","1.5245","0.00%"
"Feb 03, 1983","1.5245","1.5245","1.5245","1.5245","0.73%"
"Feb 02, 1983","1.5135","1.5135","1.5135","1.5135","-0.66%"
"Feb 01, 1983","1.5235","1.5235","1.5235","1.5235","0.22%"
"Jan 31, 1983","1.5202","1.5202","1.5202","1.5202","-1.04%"
"Jan 28, 1983","1.5362","1.5362","1.5362","1.5362","-0.02%"
"Jan 27, 1983","1.5365","1.5365","1.5365","1.5365","-0.74%"
"Jan 26, 1983","1.5480","1.5480","1.5480","1.5480","0.60%"
"Jan 25, 1983","1.5388","1.5388","1.5388","1.5388","-0.11%"
"Jan 24, 1983","1.5405","1.5405","1.5405","1.5405","-1.72%"
"Jan 21, 1983","1.5675","1.5675","1.5675","1.5675","-0.29%"
"Jan 20, 1983","1.5720","1.5720","1.5720","1.5720","-0.13%"
"Jan 19, 1983","1.5740","1.5740","1.5740","1.5740","-0.13%"
"Jan 18, 1983","1.5760","1.5760","1.5760","1.5760","-0.82%"
"Jan 17, 1983","1.5890","1.5890","1.5890","1.5890","0.51%"
"Jan 14, 1983","1.5810","1.5810","1.5810","1.5810","0.19%"
"Jan 13, 1983","1.5780","1.5780","1.5780","1.5780","0.19%"
"Jan 12, 1983","1.5750","1.5750","1.5750","1.5750","-0.57%"
"Jan 11, 1983","1.5840","1.5840","1.5840","1.5840","-0.35%"
"Jan 10, 1983","1.5895","1.5895","1.5895","1.5895","-1.27%"
"Jan 07, 1983","1.6100","1.6100","1.6100","1.6100","0.22%"
"Jan 06, 1983","1.6065","1.6065","1.6065","1.6065","-0.89%"
"Jan 05, 1983","1.6210","1.6210","1.6210","1.6210","0.00%"
"Jan 04, 1983","1.6210","1.6210","1.6210","1.6210","-0.15%"
"Jan 03, 1983","1.6235","1.6235","1.6235","1.6235","0.34%"
"Dec 31, 1982","1.6180","1.6180","1.6180","1.6180","0.09%"
"Dec 30, 1982","1.6165","1.6165","1.6165","1.6165","-0.65%"
"Dec 29, 1982","1.6270","1.6270","1.6270","1.6270","0.49%"
"Dec 28, 1982","1.6190","1.6190","1.6190","1.6190","0.87%"
"Dec 27, 1982","1.6050","1.6050","1.6050","1.6050","0.31%"
"Dec 24, 1982","1.6000","1.6000","1.6000","1.6000","0.31%"
"Dec 23, 1982","1.5950","1.5950","1.5950","1.5950","-0.75%"
"Dec 22, 1982","1.6070","1.6070","1.6070","1.6070","0.16%"
"Dec 21, 1982","1.6045","1.6045","1.6045","1.6045","-0.37%"
"Dec 20, 1982","1.6105","1.6105","1.6105","1.6105","0.66%"
"Dec 17, 1982","1.6000","1.6000","1.6000","1.6000","-1.23%"
"Dec 16, 1982","1.6200","1.6200","1.6200","1.6200","0.37%"
"Dec 15, 1982","1.6140","1.6140","1.6140","1.6140","-0.15%"
"Dec 14, 1982","1.6165","1.6165","1.6165","1.6165","0.59%"
"Dec 13, 1982","1.6070","1.6070","1.6070","1.6070","-0.19%"
"Dec 10, 1982","1.6100","1.6100","1.6100","1.6100","-0.12%"
"Dec 09, 1982","1.6120","1.6120","1.6120","1.6120","-0.92%"
"Dec 08, 1982","1.6270","1.6270","1.6270","1.6270","-0.31%"
"Dec 07, 1982","1.6320","1.6320","1.6320","1.6320","0.74%"
"Dec 06, 1982","1.6200","1.6200","1.6200","1.6200","-1.28%"
"Dec 03, 1982","1.6410","1.6410","1.6410","1.6410","0.27%"
"Dec 02, 1982","1.6365","1.6365","1.6365","1.6365","0.49%"
"Dec 01, 1982","1.6285","1.6285","1.6285","1.6285","-0.21%"
"Nov 30, 1982","1.6320","1.6320","1.6320","1.6320","1.61%"
"Nov 29, 1982","1.6062","1.6062","1.6062","1.6062","0.86%"
"Nov 26, 1982","1.5925","1.5925","1.5925","1.5925","-0.19%"
"Nov 24, 1982","1.5955","1.5955","1.5955","1.5955","-0.11%"
"Nov 23, 1982","1.5972","1.5972","1.5972","1.5972","0.20%"
"Nov 22, 1982","1.5940","1.5940","1.5940","1.5940","-1.57%"
"Nov 19, 1982","1.6195","1.6195","1.6195","1.6195","1.03%"
"Nov 18, 1982","1.6030","1.6030","1.6030","1.6030","0.09%"
"Nov 17, 1982","1.6015","1.6015","1.6015","1.6015","-1.17%"
"Nov 16, 1982","1.6205","1.6205","1.6205","1.6205","-0.67%"
"Nov 15, 1982","1.6315","1.6315","1.6315","1.6315","-1.23%"
"Nov 12, 1982","1.6518","1.6518","1.6518","1.6518","-0.64%"
"Nov 10, 1982","1.6625","1.6625","1.6625","1.6625","0.13%"
"Nov 09, 1982","1.6603","1.6603","1.6603","1.6603","0.59%"
"Nov 08, 1982","1.6505","1.6505","1.6505","1.6505","-0.72%"
"Nov 05, 1982","1.6625","1.6625","1.6625","1.6625","-0.24%"
"Nov 04, 1982","1.6665","1.6665","1.6665","1.6665","-0.77%"
"Nov 03, 1982","1.6795","1.6795","1.6795","1.6795","-0.18%"
"Nov 01, 1982","1.6825","1.6825","1.6825","1.6825","0.33%"
"Oct 29, 1982","1.6770","1.6770","1.6770","1.6770","-0.06%"
"Oct 28, 1982","1.6780","1.6780","1.6780","1.6780","-0.40%"
"Oct 27, 1982","1.6848","1.6848","1.6848","1.6848","-0.07%"
"Oct 26, 1982","1.6860","1.6860","1.6860","1.6860","0.33%"
"Oct 25, 1982","1.6805","1.6805","1.6805","1.6805","-1.03%"
"Oct 22, 1982","1.6980","1.6980","1.6980","1.6980","0.14%"
"Oct 21, 1982","1.6957","1.6957","1.6957","1.6957","-0.09%"
"Oct 20, 1982","1.6973","1.6973","1.6973","1.6973","-0.57%"
"Oct 19, 1982","1.7070","1.7070","1.7070","1.7070","-0.06%"
"Oct 18, 1982","1.7080","1.7080","1.7080","1.7080","0.23%"
"Oct 15, 1982","1.7040","1.7040","1.7040","1.7040","-0.12%"
"Oct 14, 1982","1.7060","1.7060","1.7060","1.7060","-0.15%"
"Oct 13, 1982","1.7085","1.7085","1.7085","1.7085","-0.90%"
"Oct 12, 1982","1.7240","1.7240","1.7240","1.7240","1.14%"
"Oct 08, 1982","1.7045","1.7045","1.7045","1.7045","0.06%"
"Oct 07, 1982","1.7035","1.7035","1.7035","1.7035","0.65%"
"Oct 06, 1982","1.6925","1.6925","1.6925","1.6925","0.36%"
"Oct 05, 1982","1.6865","1.6865","1.6865","1.6865","0.19%"
"Oct 04, 1982","1.6833","1.6833","1.6833","1.6833","-0.87%"
"Oct 01, 1982","1.6980","1.6980","1.6980","1.6980","0.21%"
"Sep 30, 1982","1.6945","1.6945","1.6945","1.6945","-0.06%"
"Sep 29, 1982","1.6955","1.6955","1.6955","1.6955","0.30%"
"Sep 28, 1982","1.6905","1.6905","1.6905","1.6905","-0.31%"
"Sep 27, 1982","1.6958","1.6958","1.6958","1.6958","-0.74%"
"Sep 24, 1982","1.7085","1.7085","1.7085","1.7085","-0.12%"
"Sep 23, 1982","1.7105","1.7105","1.7105","1.7105","-0.64%"
"Sep 22, 1982","1.7215","1.7215","1.7215","1.7215","0.67%"
"Sep 21, 1982","1.7100","1.7100","1.7100","1.7100","-0.03%"
"Sep 20, 1982","1.7105","1.7105","1.7105","1.7105","-0.15%"
"Sep 17, 1982","1.7130","1.7130","1.7130","1.7130","0.32%"
"Sep 16, 1982","1.7075","1.7075","1.7075","1.7075","0.06%"
"Sep 15, 1982","1.7065","1.7065","1.7065","1.7065","-0.06%"
"Sep 14, 1982","1.7075","1.7075","1.7075","1.7075","0.13%"
"Sep 13, 1982","1.7053","1.7053","1.7053","1.7053","-0.42%"
"Sep 10, 1982","1.7125","1.7125","1.7125","1.7125","-0.90%"
"Sep 09, 1982","1.7280","1.7280","1.7280","1.7280","0.41%"
"Sep 08, 1982","1.7210","1.7210","1.7210","1.7210","-0.39%"
"Sep 07, 1982","1.7278","1.7278","1.7278","1.7278","-0.16%"
"Sep 03, 1982","1.7305","1.7305","1.7305","1.7305","-0.26%"
"Sep 02, 1982","1.7350","1.7350","1.7350","1.7350","0.84%"
"Sep 01, 1982","1.7205","1.7205","1.7205","1.7205","0.00%"
"Aug 31, 1982","1.7205","1.7205","1.7205","1.7205","0.70%"
"Aug 30, 1982","1.7085","1.7085","1.7085","1.7085","-1.58%"
"Aug 27, 1982","1.7360","1.7360","1.7360","1.7360","-1.36%"
"Aug 26, 1982","1.7600","1.7600","1.7600","1.7600","-0.03%"
"Aug 25, 1982","1.7605","1.7605","1.7605","1.7605","-0.40%"
"Aug 24, 1982","1.7675","1.7675","1.7675","1.7675","1.35%"
"Aug 23, 1982","1.7440","1.7440","1.7440","1.7440","0.14%"
"Aug 20, 1982","1.7415","1.7415","1.7415","1.7415","1.04%"
"Aug 19, 1982","1.7235","1.7235","1.7235","1.7235","-0.03%"
"Aug 18, 1982","1.7240","1.7240","1.7240","1.7240","1.00%"
"Aug 17, 1982","1.7070","1.7070","1.7070","1.7070","0.26%"
"Aug 16, 1982","1.7025","1.7025","1.7025","1.7025","0.03%"
"Aug 13, 1982","1.7020","1.7020","1.7020","1.7020","0.24%"
"Aug 12, 1982","1.6980","1.6980","1.6980","1.6980","0.00%"
"Aug 11, 1982","1.6980","1.6980","1.6980","1.6980","0.03%"
"Aug 10, 1982","1.6975","1.6975","1.6975","1.6975","-0.15%"
"Aug 09, 1982","1.7000","1.7000","1.7000","1.7000","-0.82%"
"Aug 06, 1982","1.7140","1.7140","1.7140","1.7140","-0.09%"
"Aug 05, 1982","1.7155","1.7155","1.7155","1.7155","-0.71%"
"Aug 04, 1982","1.7278","1.7278","1.7278","1.7278","-1.18%"
"Aug 03, 1982","1.7485","1.7485","1.7485","1.7485","-0.29%"
"Aug 02, 1982","1.7535","1.7535","1.7535","1.7535","0.89%"
"Jul 30, 1982","1.7380","1.7380","1.7380","1.7380","0.00%"
"Jul 29, 1982","1.7380","1.7380","1.7380","1.7380","-0.32%"
"Jul 28, 1982","1.7435","1.7435","1.7435","1.7435","-0.72%"
"Jul 27, 1982","1.7562","1.7562","1.7562","1.7562","-0.44%"
"Jul 26, 1982","1.7640","1.7640","1.7640","1.7640","-0.14%"
"Jul 23, 1982","1.7665","1.7665","1.7665","1.7665","1.09%"
"Jul 22, 1982","1.7475","1.7475","1.7475","1.7475","-0.48%"
"Jul 21, 1982","1.7560","1.7560","1.7560","1.7560","0.98%"
"Jul 20, 1982","1.7390","1.7390","1.7390","1.7390","0.23%"
"Jul 19, 1982","1.7350","1.7350","1.7350","1.7350","0.64%"
"Jul 16, 1982","1.7240","1.7240","1.7240","1.7240","0.15%"
"Jul 15, 1982","1.7215","1.7215","1.7215","1.7215","-0.09%"
"Jul 14, 1982","1.7230","1.7230","1.7230","1.7230","0.03%"
"Jul 13, 1982","1.7225","1.7225","1.7225","1.7225","-0.58%"
"Jul 12, 1982","1.7325","1.7325","1.7325","1.7325","0.46%"
"Jul 09, 1982","1.7245","1.7245","1.7245","1.7245","0.82%"
"Jul 08, 1982","1.7105","1.7105","1.7105","1.7105","0.00%"
"Jul 07, 1982","1.7105","1.7105","1.7105","1.7105","-0.77%"
"Jul 06, 1982","1.7238","1.7238","1.7238","1.7238","-0.42%"
"Jul 02, 1982","1.7310","1.7310","1.7310","1.7310","-0.23%"
"Jul 01, 1982","1.7350","1.7350","1.7350","1.7350","-0.03%"
"Jun 30, 1982","1.7355","1.7355","1.7355","1.7355","0.03%"
"Jun 29, 1982","1.7350","1.7350","1.7350","1.7350","0.96%"
"Jun 28, 1982","1.7185","1.7185","1.7185","1.7185","-0.03%"
"Jun 25, 1982","1.7190","1.7190","1.7190","1.7190","-0.81%"
"Jun 24, 1982","1.7330","1.7330","1.7330","1.7330","0.20%"
"Jun 23, 1982","1.7295","1.7295","1.7295","1.7295","-0.40%"
"Jun 22, 1982","1.7365","1.7365","1.7365","1.7365","0.55%"
"Jun 21, 1982","1.7270","1.7270","1.7270","1.7270","-0.66%"
"Jun 18, 1982","1.7385","1.7385","1.7385","1.7385","-0.26%"
"Jun 17, 1982","1.7430","1.7430","1.7430","1.7430","-0.29%"
"Jun 16, 1982","1.7480","1.7480","1.7480","1.7480","-0.75%"
"Jun 15, 1982","1.7612","1.7612","1.7612","1.7612","0.18%"
"Jun 14, 1982","1.7580","1.7580","1.7580","1.7580","-0.93%"
"Jun 11, 1982","1.7745","1.7745","1.7745","1.7745","0.60%"
"Jun 10, 1982","1.7640","1.7640","1.7640","1.7640","-0.59%"
"Jun 09, 1982","1.7745","1.7745","1.7745","1.7745","-0.42%"
"Jun 08, 1982","1.7820","1.7820","1.7820","1.7820","-0.45%"
"Jun 07, 1982","1.7900","1.7900","1.7900","1.7900","-0.28%"
"Jun 04, 1982","1.7950","1.7950","1.7950","1.7950","-0.07%"
"Jun 03, 1982","1.7962","1.7962","1.7962","1.7962","0.26%"
"Jun 02, 1982","1.7915","1.7915","1.7915","1.7915","0.22%"
"Jun 01, 1982","1.7875","1.7875","1.7875","1.7875","-0.20%"
"May 28, 1982","1.7910","1.7910","1.7910","1.7910","0.08%"
"May 27, 1982","1.7895","1.7895","1.7895","1.7895","-0.58%"
"May 26, 1982","1.8000","1.8000","1.8000","1.8000","-0.27%"
"May 25, 1982","1.8048","1.8048","1.8048","1.8048","0.02%"
"May 24, 1982","1.8045","1.8045","1.8045","1.8045","0.39%"
"May 21, 1982","1.7975","1.7975","1.7975","1.7975","1.01%"
"May 20, 1982","1.7795","1.7795","1.7795","1.7795","-0.95%"
"May 19, 1982","1.7965","1.7965","1.7965","1.7965","-0.94%"
"May 18, 1982","1.8135","1.8135","1.8135","1.8135","-0.17%"
"May 17, 1982","1.8165","1.8165","1.8165","1.8165","-0.38%"
"May 14, 1982","1.8235","1.8235","1.8235","1.8235","-0.03%"
"May 13, 1982","1.8240","1.8240","1.8240","1.8240","-0.71%"
"May 12, 1982","1.8370","1.8370","1.8370","1.8370","0.22%"
"May 11, 1982","1.8330","1.8330","1.8330","1.8330","-0.16%"
"May 10, 1982","1.8360","1.8360","1.8360","1.8360","0.54%"
"May 07, 1982","1.8262","1.8262","1.8262","1.8262","0.29%"
"May 06, 1982","1.8210","1.8210","1.8210","1.8210","0.89%"
"May 05, 1982","1.8050","1.8050","1.8050","1.8050","0.59%"
"May 04, 1982","1.7945","1.7945","1.7945","1.7945","-1.05%"
"May 03, 1982","1.8135","1.8135","1.8135","1.8135","1.06%"
"Apr 30, 1982","1.7945","1.7945","1.7945","1.7945","0.03%"
"Apr 29, 1982","1.7940","1.7940","1.7940","1.7940","0.48%"
"Apr 28, 1982","1.7855","1.7855","1.7855","1.7855","0.62%"
"Apr 27, 1982","1.7745","1.7745","1.7745","1.7745","-0.17%"
"Apr 26, 1982","1.7775","1.7775","1.7775","1.7775","0.31%"
"Apr 23, 1982","1.7720","1.7720","1.7720","1.7720","-0.31%"
"Apr 22, 1982","1.7775","1.7775","1.7775","1.7775","0.03%"
"Apr 21, 1982","1.7770","1.7770","1.7770","1.7770","0.37%"
"Apr 20, 1982","1.7705","1.7705","1.7705","1.7705","-0.14%"
"Apr 19, 1982","1.7730","1.7730","1.7730","1.7730","0.74%"
"Apr 16, 1982","1.7600","1.7600","1.7600","1.7600","0.01%"
"Apr 15, 1982","1.7598","1.7598","1.7598","1.7598","-0.01%"
"Apr 14, 1982","1.7600","1.7600","1.7600","1.7600","-0.51%"
"Apr 13, 1982","1.7690","1.7690","1.7690","1.7690","0.06%"
"Apr 12, 1982","1.7680","1.7680","1.7680","1.7680","0.80%"
"Apr 09, 1982","1.7540","1.7540","1.7540","1.7540","0.06%"
"Apr 08, 1982","1.7530","1.7530","1.7530","1.7530","-0.57%"
"Apr 07, 1982","1.7630","1.7630","1.7630","1.7630","0.71%"
"Apr 06, 1982","1.7505","1.7505","1.7505","1.7505","-1.22%"
"Apr 05, 1982","1.7722","1.7722","1.7722","1.7722","-0.86%"
"Apr 02, 1982","1.7875","1.7875","1.7875","1.7875","-0.14%"
"Apr 01, 1982","1.7900","1.7900","1.7900","1.7900","0.51%"
"Mar 31, 1982","1.7810","1.7810","1.7810","1.7810","-0.14%"
"Mar 30, 1982","1.7835","1.7835","1.7835","1.7835","0.34%"
"Mar 29, 1982","1.7775","1.7775","1.7775","1.7775","-0.70%"
"Mar 26, 1982","1.7900","1.7900","1.7900","1.7900","-0.31%"
"Mar 25, 1982","1.7955","1.7955","1.7955","1.7955","-0.50%"
"Mar 24, 1982","1.8045","1.8045","1.8045","1.8045","0.14%"
"Mar 23, 1982","1.8020","1.8020","1.8020","1.8020","0.23%"
"Mar 22, 1982","1.7978","1.7978","1.7978","1.7978","-0.07%"
"Mar 19, 1982","1.7990","1.7990","1.7990","1.7990","-0.58%"
"Mar 18, 1982","1.8095","1.8095","1.8095","1.8095","0.02%"
"Mar 17, 1982","1.8092","1.8092","1.8092","1.8092","0.40%"
"Mar 16, 1982","1.8020","1.8020","1.8020","1.8020","-0.28%"
"Mar 15, 1982","1.8070","1.8070","1.8070","1.8070","0.53%"
"Mar 12, 1982","1.7975","1.7975","1.7975","1.7975","-0.42%"
"Mar 11, 1982","1.8050","1.8050","1.8050","1.8050","-0.28%"
"Mar 10, 1982","1.8100","1.8100","1.8100","1.8100","0.36%"
"Mar 09, 1982","1.8035","1.8035","1.8035","1.8035","-1.18%"
"Mar 08, 1982","1.8250","1.8250","1.8250","1.8250","-0.68%"
"Mar 05, 1982","1.8375","1.8375","1.8375","1.8375","0.55%"
"Mar 04, 1982","1.8275","1.8275","1.8275","1.8275","0.25%"
"Mar 03, 1982","1.8230","1.8230","1.8230","1.8230","0.58%"
"Mar 02, 1982","1.8125","1.8125","1.8125","1.8125","-0.51%"
"Mar 01, 1982","1.8217","1.8217","1.8217","1.8217","0.09%"
"Feb 26, 1982","1.8200","1.8200","1.8200","1.8200","-0.69%"
"Feb 25, 1982","1.8327","1.8327","1.8327","1.8327","0.17%"
"Feb 24, 1982","1.8295","1.8295","1.8295","1.8295","-0.08%"
"Feb 23, 1982","1.8310","1.8310","1.8310","1.8310","-0.89%"
"Feb 22, 1982","1.8475","1.8475","1.8475","1.8475","-0.27%"
"Feb 19, 1982","1.8525","1.8525","1.8525","1.8525","0.05%"
"Feb 18, 1982","1.8515","1.8515","1.8515","1.8515","0.87%"
"Feb 17, 1982","1.8355","1.8355","1.8355","1.8355","0.18%"
"Feb 16, 1982","1.8322","1.8322","1.8322","1.8322","-0.91%"
"Feb 11, 1982","1.8490","1.8490","1.8490","1.8490","0.08%"
"Feb 10, 1982","1.8475","1.8475","1.8475","1.8475","0.30%"
"Feb 09, 1982","1.8420","1.8420","1.8420","1.8420","-1.10%"
"Feb 08, 1982","1.8625","1.8625","1.8625","1.8625","0.11%"
"Feb 05, 1982","1.8605","1.8605","1.8605","1.8605","-0.51%"
"Feb 04, 1982","1.8700","1.8700","1.8700","1.8700","0.62%"
"Feb 03, 1982","1.8585","1.8585","1.8585","1.8585","-0.21%"
"Feb 02, 1982","1.8625","1.8625","1.8625","1.8625","0.11%"
"Feb 01, 1982","1.8605","1.8605","1.8605","1.8605","-0.75%"
"Jan 29, 1982","1.8745","1.8745","1.8745","1.8745","0.00%"
"Jan 28, 1982","1.8745","1.8745","1.8745","1.8745","0.46%"
"Jan 27, 1982","1.8660","1.8660","1.8660","1.8660","-0.24%"
"Jan 26, 1982","1.8705","1.8705","1.8705","1.8705","0.86%"
"Jan 25, 1982","1.8545","1.8545","1.8545","1.8545","-0.86%"
"Jan 22, 1982","1.8705","1.8705","1.8705","1.8705","-0.51%"
"Jan 21, 1982","1.8800","1.8800","1.8800","1.8800","-0.17%"
"Jan 20, 1982","1.8832","1.8832","1.8832","1.8832","-0.57%"
"Jan 19, 1982","1.8940","1.8940","1.8940","1.8940","0.56%"
"Jan 18, 1982","1.8835","1.8835","1.8835","1.8835","0.72%"
"Jan 15, 1982","1.8700","1.8700","1.8700","1.8700","0.35%"
"Jan 14, 1982","1.8635","1.8635","1.8635","1.8635","-0.24%"
"Jan 13, 1982","1.8680","1.8680","1.8680","1.8680","-0.27%"
"Jan 12, 1982","1.8730","1.8730","1.8730","1.8730","-0.74%"
"Jan 11, 1982","1.8870","1.8870","1.8870","1.8870","-1.72%"
"Jan 08, 1982","1.9200","1.9200","1.9200","1.9200","0.00%"
"Jan 07, 1982","1.9200","1.9200","1.9200","1.9200","-0.28%"
"Jan 06, 1982","1.9253","1.9253","1.9253","1.9253","0.70%"
"Jan 05, 1982","1.9120","1.9120","1.9120","1.9120","-0.73%"
"Jan 04, 1982","1.9260","1.9260","1.9260","1.9260","0.79%"
"Dec 31, 1981","1.9109","1.9109","1.9109","1.9109","0.38%"
"Dec 30, 1981","1.9037","1.9037","1.9037","1.9037","0.75%"
"Dec 29, 1981","1.8896","1.8896","1.8896","1.8896","-0.02%"
"Dec 24, 1981","1.8900","1.8900","1.8900","1.8900","-0.11%"
"Dec 23, 1981","1.8921","1.8921","1.8921","1.8921","0.28%"
"Dec 22, 1981","1.8868","1.8868","1.8868","1.8868","0.34%"
"Dec 21, 1981","1.8804","1.8804","1.8804","1.8804","0.34%"
"Dec 18, 1981","1.8741","1.8741","1.8741","1.8741","-0.60%"
"Dec 17, 1981","1.8854","1.8854","1.8854","1.8854","-0.32%"
"Dec 16, 1981","1.8914","1.8914","1.8914","1.8914","0.36%"
"Dec 15, 1981","1.8847","1.8847","1.8847","1.8847","1.38%"
"Dec 14, 1981","1.8591","1.8591","1.8591","1.8591","-1.21%"
"Dec 11, 1981","1.8818","1.8818","1.8818","1.8818","-0.72%"
"Dec 10, 1981","1.8954","1.8954","1.8954","1.8954","-1.46%"
"Dec 09, 1981","1.9234","1.9234","1.9234","1.9234","-0.37%"
"Dec 08, 1981","1.9305","1.9305","1.9305","1.9305","-0.89%"
"Dec 07, 1981","1.9478","1.9478","1.9478","1.9478","-0.19%"
"Dec 04, 1981","1.9516","1.9516","1.9516","1.9516","0.88%"
"Dec 03, 1981","1.9346","1.9346","1.9346","1.9346","-0.75%"
"Dec 02, 1981","1.9493","1.9493","1.9493","1.9493","0.13%"
"Dec 01, 1981","1.9467","1.9467","1.9467","1.9467","-0.68%"
"Nov 30, 1981","1.9600","1.9600","1.9600","1.9600","0.24%"
"Nov 27, 1981","1.9554","1.9554","1.9554","1.9554","0.96%"
"Nov 26, 1981","1.9369","1.9369","1.9369","1.9369","0.02%"
"Nov 25, 1981","1.9365","1.9365","1.9365","1.9365","1.26%"
"Nov 24, 1981","1.9124","1.9124","1.9124","1.9124","-0.11%"
"Nov 23, 1981","1.9146","1.9146","1.9146","1.9146","0.42%"
"Nov 20, 1981","1.9066","1.9066","1.9066","1.9066","-0.28%"
"Nov 19, 1981","1.9120","1.9120","1.9120","1.9120","0.55%"
"Nov 18, 1981","1.9015","1.9015","1.9015","1.9015","0.36%"
"Nov 17, 1981","1.8947","1.8947","1.8947","1.8947","-1.42%"
"Nov 16, 1981","1.9220","1.9220","1.9220","1.9220","0.50%"
"Nov 13, 1981","1.9124","1.9124","1.9124","1.9124","1.03%"
"Nov 12, 1981","1.8929","1.8929","1.8929","1.8929","0.48%"
"Nov 11, 1981","1.8839","1.8839","1.8839","1.8839","0.52%"
"Nov 10, 1981","1.8741","1.8741","1.8741","1.8741","-0.90%"
"Nov 09, 1981","1.8911","1.8911","1.8911","1.8911","0.79%"
"Nov 06, 1981","1.8762","1.8762","1.8762","1.8762","-0.21%"
"Nov 05, 1981","1.8801","1.8801","1.8801","1.8801","0.17%"
"Nov 04, 1981","1.8769","1.8769","1.8769","1.8769","0.28%"
"Nov 03, 1981","1.8716","1.8716","1.8716","1.8716","0.11%"
"Nov 02, 1981","1.8695","1.8695","1.8695","1.8695","1.31%"
"Oct 30, 1981","1.8454","1.8454","1.8454","1.8454","0.59%"
"Oct 29, 1981","1.8345","1.8345","1.8345","1.8345","0.81%"
"Oct 28, 1981","1.8198","1.8198","1.8198","1.8198","0.33%"
"Oct 27, 1981","1.8139","1.8139","1.8139","1.8139","0.44%"
"Oct 26, 1981","1.8060","1.8060","1.8060","1.8060","-0.91%"
"Oct 23, 1981","1.8225","1.8225","1.8225","1.8225","0.60%"
"Oct 22, 1981","1.8116","1.8116","1.8116","1.8116","-0.35%"
"Oct 21, 1981","1.8179","1.8179","1.8179","1.8179","-0.56%"
"Oct 20, 1981","1.8282","1.8282","1.8282","1.8282","-0.80%"
"Oct 19, 1981","1.8430","1.8430","1.8430","1.8430","0.89%"
"Oct 16, 1981","1.8268","1.8268","1.8268","1.8268","-1.75%"
"Oct 15, 1981","1.8594","1.8594","1.8594","1.8594","0.11%"
"Oct 14, 1981","1.8574","1.8574","1.8574","1.8574","-0.30%"
"Oct 13, 1981","1.8629","1.8629","1.8629","1.8629","-1.04%"
"Oct 12, 1981","1.8825","1.8825","1.8825","1.8825","-0.94%"
"Oct 09, 1981","1.9004","1.9004","1.9004","1.9004","0.36%"
"Oct 08, 1981","1.8936","1.8936","1.8936","1.8936","1.70%"
"Oct 07, 1981","1.8619","1.8619","1.8619","1.8619","1.03%"
"Oct 06, 1981","1.8430","1.8430","1.8430","1.8430","-0.44%"
"Oct 05, 1981","1.8512","1.8512","1.8512","1.8512","1.42%"
"Oct 02, 1981","1.8252","1.8252","1.8252","1.8252","-0.34%"
"Oct 01, 1981","1.8315","1.8315","1.8315","1.8315","1.15%"